<?xml version="1.0" encoding="UTF-8"?>
<!DOCTYPE suite SYSTEM "https://testng.org/testng-1.0.dtd">
<suite name="Loan Application">
  <test name="Car Loan">
    <classes>
      <class name="Car"/>
      <class name = "Car2"/>           
    </classes>
  </test>
  <test name = "Personal Loan">
  	<classes>
  		<class name = "Personal"/>
  	</classes>
  </test> 
  <test name = "Login">
  	<classes>
  		<class name = "Login">
  			<methods>
  				<exclude name = "MobileLogin"/>  		
  			</methods>
 			</class> 			
  	</classes>
  </test>
</suite>
